<yas>
	<!-- _________________ SCENE ___________________ -->

	<scene root="scene" axis_length="30" />

	<!-- _________________ VIEWS ___________________ -->

	<views default="global">
		<perspective id="global" near="0.1" far="500" angle="35">
			<from x="50" y="50" z="50" />
			<to x="0" y="0" z="0" />
		</perspective>
		<perspective id="close" near="0.1" far="500" angle="35">
			<from x="5" y="5" z="5" />
			<to x="0" y="0" z="0" />
		</perspective>
	</views>

	<!-- ________________ AMBIENT __________________ -->

	<ambient>
		<ambient r="0.2" g="0.2" b="0.2" a="1" />
		<background r="0.05" g="0.05" b="0.1" a="1" />
	</ambient>

	<!-- _________________ LIGHTS ___________________ -->

	<lights>
		<omni id="light1" enabled="1">
			<location x="0" y="600" z="0" w="1" />
			<ambient r="0.3" g="0.3" b="0.3" a="1" />
			<diffuse r="1.0" g="1.0" b="1.0" a="1" />
			<specular r="1.0" g="1.0" b="1.0" a="1" />
		</omni>

		<omni id="light2" enabled="1">
			<location x="1000" y="1000" z="1000" w="1" />
			<ambient r="0.3" g="0.3" b="0.3" a="1" />
			<diffuse r="1.0" g="1.0" b="1.0" a="1" />
			<specular r="1.0" g="1.0" b="1.0" a="1" />
		</omni>

		<omni id="light3" enabled="1">
			<location x="-1000" y="1000" z="-1000" w="1" />
			<ambient r="0.3" g="0.3" b="0.3" a="1" />
			<diffuse r="1.0" g="1.0" b="1.0" a="1" />
			<specular r="1.0" g="1.0" b="1.0" a="1" />
		</omni>
	</lights>

	<!-- ________________ TEXTURES ___________________ -->

	<textures>
		<texture id="terrain_h" file="scenes/images/elevation-map.jpg" />
		<texture id="terrain_t" file="scenes/images/texture-map.jpg" />
		<texture id="water_h" file="scenes/images/water-height.jpeg" />
		<texture id="water_t" file="scenes/images/water-texture.jpg" />
		<texture id="helicopter" file="scenes/images/texture.jpeg" />
		<texture id="sky" file="scenes/images/Sky.jpg" />
	</textures>

	<!-- ________________ MATERIALS __________________ -->

	<materials>
		<material id="white" shininess="0.5">
			<emission r="0" g="0" b="0" a="0" />
			<ambient r="0.2" g="0.2" b="0.2" a="1" />
			<diffuse r="0.7" g="0.7" b="0.7" a="1" />
			<specular r="0.8" g="0.8" b="0.8" a="1" />
		</material>

		<material id="black" shininess="0.5">
			<emission r="0" g="0" b="0" a="0" />
			<ambient r="0" g="0" b="0" a="1" />
			<diffuse r="0.1" g="0.1" b="0.1" a="1" />
			<specular r="0.1" g="0.1" b="0.1" a="1" />
		</material>

		<material id="steel" shininess="0.1">
			<emission r="0" g="0" b="0" a="0" />
			<ambient r="0" g="0" b="0" a="1" />
			<diffuse r="0.56" g="0.56" b="0.56" a="1" />
			<specular r="0.65" g="0.65" b="0.65" a="1" />
		</material>
	</materials>

	<!-- ______________ TRANSFORMATIONS _______________ -->

	<transformations>
		<transformation id="base">
			<translate x="0" y="0" z="0" />
		</transformation>
	</transformations>

	<!-- ________________ ANIMATIONS __________________ -->
	<animations>
		<linear id="flyTakeOff" span="5">
			<controlpoint xx="0" yy="0" zz="0"/>
			<controlpoint xx="0" yy="10" zz="0"/>
		</linear>
		<circular id="flyAround1" span="5" center="-10 10 0" radius="10" startang="0" rotang="-180"/>
		<circular id="flyAround2" span="5" center="-30 10 0" radius="10" startang="0" rotang="270"/>
		<linear id="flyDesc" span="10">
			<controlpoint xx="-30" yy="10" zz="10"/>
			<controlpoint xx="-20" yy="10" zz="0"/>
			<controlpoint xx="0" yy="0" zz="0"/>
		</linear>
	</animations>

	<!-- ________________ PRIMITIVES __________________ -->

	<primitives>

		<!-- Vehicle  -->
		<primitive id="vehicle">
			<vehicle />
		</primitive>

		<!-- Terrain -->
		<primitive id="terrain">
			<terrain idtexture="terrain_t" idheightmap="terrain_h" parts="100" heightscale="0.3"/>
		</primitive>

		<!-- Water -->
		<primitive id="water">
			<water idtexture="water_t" idwavemap="water_h" parts="100" heightscale="0.01" texscale="15" />
		</primitive>

		<!-- Cylinder -->
		<primitive id="cylinder2">
			<cylinder2 base = "2.0" top = "2.0" height = "2.0" slices = "20" stacks = "5"/>
		</primitive>

		<!-- Sky -->
		<primitive id="skydome">
			<sphere radius="50" slices="60" stacks="60" />
		</primitive>

	</primitives>

	<!-- ________________ COMPONENTS __________________ -->

	<!-- _________ ROOT _________ -->

	<components>
		<component id="scene">
			<transformation>
				<transformationref id="base" />
			</transformation>
			<animations>
			</animations>
			<materials>
				<material id="white" />
				<material id="black" />
			</materials>
			<texture id="none" />
			<children>
				<componentref id="terrain" />
				<componentref id="water" />
				<componentref id="vehicle"/>
				<componentref id="skydome" />
			</children>
		</component>

		<!-- _____ TERRAIN ______ -->

		<component id="terrain">
			<transformation>
				<scale x="50" y="50" z="50" />
			</transformation>
			<materials>
				<material id="inherit" />
			</materials>
			<texture id="none" />
			<children>
				<primitiveref id="terrain" />
			</children>
		</component>

		<!-- _______ WATER _______ -->

		<component id="water">
			<transformation>
				<translate x="0" y="1.5" z="0" />
				<scale x="100" y="100" z="100" />
			</transformation>
			<materials>
				<material id="inherit" />
			</materials>
			<texture id="none" />
			<children>
				<primitiveref id="water" />
			</children>
		</component>

		<!-- ______ VEHICLE ______ -->

		<component id="vehicle">
			<transformation>
				<translate x="10" y="4.6" z="0"/>
			</transformation>
			<animations>
				<animationref id="flyTakeOff" />
				<animationref id="flyAround1" />
				<animationref id="flyAround2" />
				<animationref id="flyDesc" />
				<!-- <animationref id="test" /> -->
			</animations>
			<materials>
				<material id="inherit" />
			</materials>
			<texture id="helicopter" length_s="1" length_t="1"/>
			<children>
				<primitiveref id="vehicle" />
			</children>
		</component>

		<!-- ________ SKY _______ -->

		<component id="skydome">
			<transformation>
				<scale x="-1" y="1" z="1" />
				<rotate axis="x" angle="-90" />
			</transformation>
			<materials>
				<material id="inherit" />
			</materials>
			<texture id="sky" length_s="1" length_t="1"/>
			<children>
				<primitiveref id="skydome" />
			</children>
		</component>

	</components>
</yas>